ID,FirstName,LastName,Email,Password
1,joe,wwdjjb,joe@gmail.com,a665a45920422f9d417e4867efdc4fb8a04a1f3fff1fa07e998e86f7f7a27ae3
2,vattana,rtfltw,vattana@gmail.com,a665a45920422f9d417e4867efdc4fb8a04a1f3fff1fa07e998e86f7f7a27ae3
3,admin,ofwezp,cvvhrc.ofwezp@example.com,a665a45920422f9d417e4867efdc4fb8a04a1f3fff1fa07e998e86f7f7a27ae3
4,pnabwf,cfiied,pnabwf.cfiied@example.com,a665a45920422f9d417e4867efdc4fb8a04a1f3fff1fa07e998e86f7f7a27ae3
5,ebqige,nhwpkn,ebqige.nhwpkn@example.com,a665a45920422f9d417e4867efdc4fb8a04a1f3fff1fa07e998e86f7f7a27ae3
6,slznyi,itcaap,slznyi.itcaap@example.com,a665a45920422f9d417e4867efdc4fb8a04a1f3fff1fa07e998e86f7f7a27ae3
7,appsrm,opwjlv,appsrm.opwjlv@example.com,a665a45920422f9d417e4867efdc4fb8a04a1f3fff1fa07e998e86f7f7a27ae3
8,asppkm,enxsig,asppkm.enxsig@example.com,a665a45920422f9d417e4867efdc4fb8a04a1f3fff1fa07e998e86f7f7a27ae3
9,djqebw,eaywrn,djqebw.eaywrn@example.com,a665a45920422f9d417e4867efdc4fb8a04a1f3fff1fa07e998e86f7f7a27ae3
10,rzejaa,fcmwvg,rzejaa.fcmwvg@example.com,a665a45920422f9d417e4867efdc4fb8a04a1f3fff1fa07e998e86f7f7a27ae3
